id,theme,title,author_short,authors_full,n_authors,year,venue,publisher,volume,pages,doi,arxiv,relevance
P01,RAG architecture,Retrieval-Augmented Generation for Knowledge-Intensive NLP Tasks,Lewis et al.,Patrick Lewis; Ethan Perez; Aleksandra Piktus; Fabio Petroni; Vladimir Karpukhin; Naman Goyal; Heinrich Küttler; Mike Lewis; Wen-tau Yih; Tim Rocktäschel; Sebastian Riedel; Douwe Kiela,12,2020,Adv. Neural Inf. Process. Syst. (NeurIPS),arXiv,,,,2005.11401,5
P02,Retrieval,Dense Passage Retrieval for Open-Domain Question Answering,Karpukhin et al.,Vladimir Karpukhin; Barlas Oguz; Sewon Min; Patrick Lewis; Ledell Wu; Sergey Edunov; Danqi Chen; Wen-tau Yih,8,2020,Proceedings of the 2020 Conference on Empirical Methods in Natural Language Processing (EMNLP),Association for Computational Linguistics,,6769-6781,10.18653/v1/2020.emnlp-main.550,2004.04906,5
P03,RAG architecture,REALM: Retrieval-Augmented Language Model Pre-Training,Guu et al.,Kelvin Guu; Kenton Lee; Zora Tung; Panupong Pasupat; Ming-Wei Chang,5,2020,Proc. Int. Conf. Mach. Learn. (ICML),arXiv,,,,2002.08909,4
P04,RAG architecture,Leveraging Passage Retrieval with Generative Models for Open Domain Question Answering,Izacard et al.,Gautier Izacard; Edouard Grave,2,2021,Proceedings of the 16th Conference of the European Chapter of the Association for Computational Linguistics: Main Volume,Association for Computational Linguistics,,874-880,10.18653/v1/2021.eacl-main.74,2007.01282,5
P05,RAG architecture,Improving language models by retrieving from trillions of tokens,Borgeaud et al.,Sebastian Borgeaud; Arthur Mensch; Jordan Hoffmann; Trevor Cai; Eliza Rutherford; Katie Millican; George van den Driessche; Jean-Baptiste Lespiau; Bogdan Damoc; Aidan Clark; Diego de Las Casas; Aurelia Guy; Jacob Menick; Roman Ring; Tom Hennigan; Saffron Huang; Loren Maggiore; Chris Jones; Albin Cassirer; Andy Brock; Michela Paganini; Geoffrey Irving; Oriol Vinyals; Simon Osindero; Karen Simonyan; Jack W. Rae; Erich Elsen; Laurent Sifre,28,2022,Proc. Int. Conf. Mach. Learn. (ICML),arXiv,,,,2112.04426,4
P06,Retrieval,Billion-Scale Similarity Search with GPUs,Johnson et al.,Jeff Johnson; Matthijs Douze; Herve Jegou,3,2021,IEEE Transactions on Big Data,Institute of Electrical and Electronics Engineers (IEEE),7,535-547,10.1109/tbdata.2019.2921572,1702.08734,4
P07,RAG architecture,In-Context Retrieval-Augmented Language Models,Ram et al.,Ori Ram; Yoav Levine; Itay Dalmedigos; Dor Muhlgay; Amnon Shashua; Kevin Leyton-Brown; Yoav Shoham,7,2023,Transactions of the Association for Computational Linguistics,MIT Press,11,1316-1331,10.1162/tacl_a_00605,2302.00083,4
P08,RAG architecture,REPLUG: Retrieval-Augmented Black-Box Language Models,Shi et al.,Weijia Shi; Sewon Min; Michihiro Yasunaga; Minjoon Seo; Richard James; Mike Lewis; Luke Zettlemoyer; Wen-tau Yih,8,2024,Proceedings of the 2024 Conference of the North American Chapter of the Association for Computational Linguistics: Human Language Technologies (Volume 1: Long Papers),Association for Computational Linguistics,,8371-8384,10.18653/v1/2024.naacl-long.463,2301.12652,4
P09,Parametric memory,Language Models as Knowledge Bases?,Petroni et al.,Fabio Petroni; Tim Rocktäschel; Sebastian Riedel; Patrick Lewis; Anton Bakhtin; Yuxiang Wu; Alexander Miller,7,2019,Proceedings of the 2019 Conference on Empirical Methods in Natural Language Processing and the 9th International Joint Conference on Natural Language Processing (EMNLP-IJCNLP),Association for Computational Linguistics,,2463-2473,10.18653/v1/d19-1250,1909.01066,4
P10,Parametric memory,When Not to Trust Language Models: Investigating Effectiveness of Parametric and Non-Parametric Memories,Mallen et al.,Alex Mallen; Akari Asai; Victor Zhong; Rajarshi Das; Daniel Khashabi; Hannaneh Hajishirzi,6,2023,Proceedings of the 61st Annual Meeting of the Association for Computational Linguistics (Volume 1: Long Papers),Association for Computational Linguistics,,9802-9822,10.18653/v1/2023.acl-long.546,2212.10511,5
P11,Context utilisation,Lost in the Middle: How Language Models Use Long Contexts,Liu et al.,Nelson F. Liu; Kevin Lin; John Hewitt; Ashwin Paranjape; Michele Bevilacqua; Fabio Petroni; Percy Liang,7,2024,Transactions of the Association for Computational Linguistics,MIT Press,12,157-173,10.1162/tacl_a_00638,2307.03172,5
P12,Hallucination theory,Survey of Hallucination in Natural Language Generation,Ji et al.,Ziwei Ji; Nayeon Lee; Rita Frieske; Tiezheng Yu; Dan Su; Yan Xu; Etsuko Ishii; Ye Jin Bang; Andrea Madotto; Pascale Fung,10,2023,ACM Computing Surveys,Association for Computing Machinery (ACM),55,1-38,10.1145/3571730,2202.03629,5
P13,Hallucination theory,"A Survey on Hallucination in Large Language Models: Principles, Taxonomy, Challenges, and Open Questions",Huang et al.,Lei Huang; Weijiang Yu; Weitao Ma; Weihong Zhong; Zhangyin Feng; Haotian Wang; Qianglong Chen; Weihua Peng; Xiaocheng Feng; Bing Qin; Ting Liu,11,2025,ACM Transactions on Information Systems,Association for Computing Machinery (ACM),43,1-55,10.1145/3703155,2311.05232,5
P14,Hallucination theory,Siren's Song in the AI Ocean: A Survey on Hallucination in Large Language Models,Zhang et al.,Yue Zhang; Yafu Li; Leyang Cui; Deng Cai; Lemao Liu; Tingchen Fu; Xinting Huang; Enbo Zhao; Yu Zhang; Chen Xu; Yulong Chen; Longyue Wang; Anh Tuan Luu; Wei Bi; Freda Shi; Shuming Shi,16,2023,arXiv preprint,arXiv,,,,2309.01219,4
P15,Hallucination theory,Hallucination is Inevitable: An Innate Limitation of Large Language Models,Xu et al.,Ziwei Xu; Sanjay Jain; Mohan Kankanhalli,3,2024,arXiv preprint,arXiv,,,,2401.11817,4
P16,Hallucination theory,Why Language Models Hallucinate,Kalai et al.,Adam Tauman Kalai; Ofir Nachum; Santosh S. Vempala; Edwin Zhang,4,2025,arXiv preprint,arXiv,,,,2509.04664,4
P17,Detection,SelfCheckGPT: Zero-Resource Black-Box Hallucination Detection for Generative Large Language Models,Manakul et al.,Potsawee Manakul; Adian Liusie; Mark Gales,3,2023,Proceedings of the 2023 Conference on Empirical Methods in Natural Language Processing,Association for Computational Linguistics,,9004-9017,10.18653/v1/2023.emnlp-main.557,2303.08896,5
P18,Detection,Detecting hallucinations in large language models using semantic entropy,Farquhar et al.,Sebastian Farquhar; Jannik Kossen; Lorenz Kuhn; Yarin Gal,4,2024,Nature,Springer Science and Business Media LLC,630,625-630,10.1038/s41586-024-07421-0,,5
P19,Benchmark,TruthfulQA: Measuring How Models Mimic Human Falsehoods,Lin et al.,Stephanie Lin; Jacob Hilton; Owain Evans,3,2022,Proceedings of the 60th Annual Meeting of the Association for Computational Linguistics (Volume 1: Long Papers),Association for Computational Linguistics,,3214-3252,10.18653/v1/2022.acl-long.229,2109.07958,4
P20,Evaluation metric,FActScore: Fine-grained Atomic Evaluation of Factual Precision in Long Form Text Generation,Min et al.,Sewon Min; Kalpesh Krishna; Xinxi Lyu; Mike Lewis; Wen-tau Yih; Pang Koh; Mohit Iyyer; Luke Zettlemoyer; Hannaneh Hajishirzi,9,2023,Proceedings of the 2023 Conference on Empirical Methods in Natural Language Processing,Association for Computational Linguistics,,12076-12100,10.18653/v1/2023.emnlp-main.741,2305.14251,5
P21,Detection,AutoHall: Automated Factuality Hallucination Dataset Generation for Large Language Models,Cao et al.,Zouying Cao; Yifei Yang; Xiaojing Li; Hai Zhao,4,2026,"IEEE Transactions on Audio, Speech and Language Processing",Institute of Electrical and Electronics Engineers (IEEE),34,184-195,10.1109/taslpro.2025.3635038,,4
P22,Mitigation,Retrieval Augmentation Reduces Hallucination in Conversation,Shuster et al.,Kurt Shuster; Spencer Poff; Moya Chen; Douwe Kiela; Jason Weston,5,2021,Findings of the Association for Computational Linguistics: EMNLP 2021,Association for Computational Linguistics,,3784-3803,10.18653/v1/2021.findings-emnlp.320,2104.07567,5
P23,Mitigation,"Self-RAG: Learning to Retrieve, Generate, and Critique through Self-Reflection",Asai et al.,Akari Asai; Zeqiu Wu; Yizhong Wang; Avirup Sil; Hannaneh Hajishirzi,5,2024,Proc. Int. Conf. Learn. Represent. (ICLR),arXiv,,,,2310.11511,5
P24,Mitigation,Corrective Retrieval Augmented Generation,Yan et al.,Shi-Qi Yan; Jia-Chen Gu; Yun Zhu; Zhen-Hua Ling,4,2024,arXiv preprint,arXiv,,,,2401.15884,5
P25,Mitigation,Active Retrieval Augmented Generation,Jiang et al.,Zhengbao Jiang; Frank Xu; Luyu Gao; Zhiqing Sun; Qian Liu; Jane Dwivedi-Yu; Yiming Yang; Jamie Callan; Graham Neubig,9,2023,Proceedings of the 2023 Conference on Empirical Methods in Natural Language Processing,Association for Computational Linguistics,,7969-7992,10.18653/v1/2023.emnlp-main.495,2305.06983,5
P26,Mitigation,Interleaving Retrieval with Chain-of-Thought Reasoning for Knowledge-Intensive Multi-Step Questions,Trivedi et al.,Harsh Trivedi; Niranjan Balasubramanian; Tushar Khot; Ashish Sabharwal,4,2023,Proceedings of the 61st Annual Meeting of the Association for Computational Linguistics (Volume 1: Long Papers),Association for Computational Linguistics,,10014-10037,10.18653/v1/2023.acl-long.557,2212.10509,5
P27,Mitigation,Chain-of-Verification Reduces Hallucination in Large Language Models,Dhuliawala et al.,Shehzaad Dhuliawala; Mojtaba Komeili; Jing Xu; Roberta Raileanu; Xian Li; Asli Celikyilmaz; Jason Weston,7,2024,Findings of the Association for Computational Linguistics ACL 2024,Association for Computational Linguistics,,3563-3578,10.18653/v1/2024.findings-acl.212,2309.11495,5
P28,Mitigation,"RARR: Researching and Revising What Language Models Say, Using Language Models",Gao et al.,Luyu Gao; Zhuyun Dai; Panupong Pasupat; Anthony Chen; Arun Tejasvi Chaganty; Yicheng Fan; Vincent Zhao; Ni Lao; Hongrae Lee; Da-Cheng Juan; Kelvin Guu,11,2023,Proceedings of the 61st Annual Meeting of the Association for Computational Linguistics (Volume 1: Long Papers),Association for Computational Linguistics,,16477-16508,10.18653/v1/2023.acl-long.910,2210.08726,4
P29,Mitigation,From Local to Global: A Graph RAG Approach to Query-Focused Summarization,Edge et al.,Darren Edge; Ha Trinh; Newman Cheng; Joshua Bradley; Alex Chao; Apurva Mody; Steven Truitt; Dasha Metropolitansky; Robert Osazuwa Ness; Jonathan Larson,10,2024,arXiv preprint,arXiv,,,,2404.16130,5
P30,Evaluation metric,RAGAs: Automated Evaluation of Retrieval Augmented Generation,Es et al.,Shahul Es; Jithin James; Luis Espinosa Anke; Steven Schockaert,4,2024,Proceedings of the 18th Conference of the European Chapter of the Association for Computational Linguistics: System Demonstrations,Association for Computational Linguistics,,150-158,10.18653/v1/2024.eacl-demo.16,2309.15217,5
P31,Benchmark,Benchmarking Large Language Models in Retrieval-Augmented Generation,Chen et al.,Jiawei Chen; Hongyu Lin; Xianpei Han; Le Sun,4,2024,Proc. AAAI Conf. Artif. Intell.,arXiv,,,,2309.01431,5
P32,Benchmark,RAGTruth: A Hallucination Corpus for Developing Trustworthy Retrieval-Augmented Language Models,Niu et al.,Cheng Niu; Yuanhao Wu; Juno Zhu; Siliang Xu; KaShun Shum; Randy Zhong; Juntong Song; Tong Zhang,8,2024,Proceedings of the 62nd Annual Meeting of the Association for Computational Linguistics (Volume 1: Long Papers),Association for Computational Linguistics,,10862-10878,10.18653/v1/2024.acl-long.585,2401.00396,5
P33,Survey,Hallucination Mitigation for Retrieval-Augmented Large Language Models: A Review,Zhang et al.,Wan Zhang; Jing Zhang,2,2025,Mathematics,MDPI AG,13,856,10.3390/math13050856,,5
P34,Applied deployment,Evaluating Retrieval-Augmented Generation Variants for Clinical Decision Support: Hallucination Mitigation and Secure On-Premises Deployment,Wołk,Krzysztof Wołk,1,2025,Electronics,MDPI AG,14,4227,10.3390/electronics14214227,,5
P35,Applied deployment,Large Language Model Hallucination Mitigation in Three Industrial Use Cases,Tikka et al.,Petri Tikka; Jaakko Karjalainen; Andrea Alesani; Vladimir Goriachev,4,2026,IEEE Access,Institute of Electrical and Electronics Engineers (IEEE),14,25564-25576,10.1109/access.2026.3659997,,4
R36,Survey,Retrieval-Augmented Generation for Large Language Models: A Survey,Gao et al.,Yunfan Gao; Yun Xiong; Xinyu Gao; Kangxiang Jia; Jinliu Pan; Yuxi Bi; Yi Dai; Jiawei Sun; Meng Wang; Haofen Wang,10,2023,arXiv preprint,arXiv,,,,2312.10997,4
R37,Survey,A Survey on RAG Meeting LLMs: Towards Retrieval-Augmented Large Language Models,Fan et al.,Wenqi Fan; Yujuan Ding; Liangbo Ning; Shijie Wang; Hengyun Li; Dawei Yin; Tat-Seng Chua; Qing Li,8,2024,Proceedings of the 30th ACM SIGKDD Conference on Knowledge Discovery and Data Mining,ACM,,6491-6501,10.1145/3637528.3671470,2405.06211,4
R38,Survey,Large language models hallucination: A comprehensive survey,Alansari et al.,Aisha Alansari; Hamzah Luqman,2,2026,Computer Science Review,Elsevier BV,61,100970,10.1016/j.cosrev.2026.100970,,4
R39,Survey,Hallucination to truth: a review of fact-checking and factuality evaluation in large language models,Rahman et al.,Subhey Sadi Rahman; Md. Adnanul Islam; Md. Mahbub Alam; Musarrat Zeba; Md. Abdur Rahman; Sadia Sultana Chowa; Mohaimenul Azam Khan Raiaan; Sami Azam,8,2026,Artificial Intelligence Review,Springer Science and Business Media LLC,59,70,10.1007/s10462-025-11454-w,,4
R40,Survey,Agentic Retrieval-Augmented Generation: A Survey on Agentic RAG,Singh et al.,Aditi Singh; Abul Ehtesham; Saket Kumar; Tala Talaei Khoei; Athanasios V. Vasilakos,5,2025,arXiv preprint,arXiv,,,,2501.09136,4
R41,Survey,Graph Retrieval-Augmented Generation: A Survey,Peng et al.,Boci Peng; Yun Zhu; Yongchao Liu; Xiaohe Bo; Haizhou Shi; Chuntao Hong; Yan Zhang; Siliang Tang,8,2024,arXiv preprint,arXiv,,,,2408.08921,4
R42,Mitigation,RAPTOR: Recursive Abstractive Processing for Tree-Organized Retrieval,Sarthi et al.,Parth Sarthi; Salman Abdullah; Aditi Tuli; Shubh Khanna; Anna Goldie; Christopher D. Manning,6,2024,Proc. Int. Conf. Learn. Represent. (ICLR),arXiv,,,,2401.18059,4
R43,Mitigation,A Stitch in Time Saves Nine: Detecting and Mitigating Hallucinations of LLMs by Validating Low-Confidence Generation,Varshney et al.,Neeraj Varshney; Wenlin Yao; Hongming Zhang; Jianshu Chen; Dong Yu,5,2023,arXiv preprint,arXiv,,,,2307.03987,4
R44,Applied deployment,MedVH: Toward Systematic Evaluation of Hallucination for Large Vision Language Models in the Medical Context,Gu et al.,Zishan Gu; Jiayuan Chen; Fenglin Liu; Changchang Yin; Ping Zhang,5,2025,Advanced Intelligent Systems,Wiley,8,2500255,10.1002/aisy.202500255,,3
R45,Survey,"Mitigating Hallucination in Large Language Models (LLMs): An Application-Oriented Survey on RAG, Reasoning, and Agentic Systems",Li et al.,Yihan Li; Xiyuan Fu; Ghanshyam Verma; Paul Buitelaar; Mingming Liu,5,2025,arXiv preprint,arXiv,,,,2510.24476,4
